case_id,split,rubric,arm,claim,disagreements,expected_support,actual_support_probability,expected_durable,actual_durable_probability,expected_assertion,actual_assertion,packet_sha256
case-01-1,development,memory-assess-v1,compact,Aster production backups use customer-managed encryption keys.,supported,True,0.06,True,0.85,established,established,e742bacdcea10c47ed4c797964b4bc31edb220a55bb39094fd587f3f6a6fe202
case-01-4,development,memory-assess-v1,compact,Aster requires quarterly restore drills.,assertion,True,0.57,True,0.84,established,planned,70f67a965838cdae509f7c7cd0b383a69c0cdee6981035500785c7a9434a6fdd
case-02-1,development,memory-assess-v1,compact,The Birch vendor reports that snapshots are encrypted.,supported;assertion,True,0.08,True,0.71,established,unclear,ed482640a1b5ed88fe30ec3e3272aa51ca375b97aa997a827299538da166f6b3
case-03-1,development,memory-assess-v1,compact,Cedar currently expires administrator sessions after twelve hours.,supported;assertion,True,0.02,True,0.74,established,unclear,4ed5bb0e4324c6c41aff66ea659204028c45841a3bcd03cf74833a4d72582d08
case-03-2,development,memory-assess-v1,compact,Cedar currently expires sessions after two hours.,assertion,False,0.04,True,0.64,denied,planned,6ff9200d0c2b3d3bf3d3e952b5053f0e20c49a452aacb0b6381aa6f45fda3d16
case-03-4,development,memory-assess-v1,compact,Cedar might offer a warning banner if support volume rises.,retention_durability,True,0.92,True,0.38,hypothetical,hypothetical,02d35a5ed4e91115610b19cce6429c667445c1986f4f1f1680280b3e172a66ad
case-03-5,development,memory-assess-v1,compact,Cedar decided to deploy a warning banner.,assertion,False,0.01,True,0.64,denied,hypothetical,d4f2d750155e41fd45daf0a2a102441087b12dfb892874801c7515ec56957b15
case-04-1,development,memory-assess-v1,compact,Dahlia export is enabled for the European tenant.,supported;assertion,True,0.03,True,0.64,established,unclear,58f814d4300e81f59b4d7370b877781a99fee32d10fd5ea42947dd8e0c51cfde
case-05-1,development,memory-assess-v1,compact,Elm search indexing is currently enabled.,supported,True,0.07,True,0.51,established,established,2b51a4b343ec5a76b00097d5f67837d28d26d08d06d27368c4985cd696bf2566
case-05-2,development,memory-assess-v1,compact,Elm search indexing is currently disabled.,retention_durability;assertion,False,0.11,True,0.47,denied,established,feb7031dde99510c7e30b6ab9a4668659f988ecfa3dcb7f2d8b76d5bbedf83a0
case-05-3,development,memory-assess-v1,compact,Elm completed the migration.,supported;assertion,True,0.04,True,0.65,established,unclear,9d60ebd6a5904f2b02f6ae0453dfa9d8fec63ca87bc34710cc32ad54246c3705
case-05-4,development,memory-assess-v1,compact,Elm requires index writes outside checkout transactions.,supported;assertion,True,0.22,True,0.85,established,planned,966547ada8ce02138dcd4790f29de282a7633942009d86ef80a6ddf32398b996
case-06-1,development,memory-assess-v1,compact,Fern normally retains logs for thirty days.,supported,True,0.02,True,0.8,established,established,a53c0a792d883b06a5ba30eda4671aec33fbbbe02f8315598b7f753c47a0f421
case-06-2,development,memory-assess-v1,compact,Fern legal holds override normal log expiry.,supported,True,0.41,True,0.87,established,established,7041156f638d0b6fef7cf2c6f7648231a6c322d63a42eeab4b5db382120c0834
case-06-3,development,memory-assess-v1,compact,Fern has approved seven-day debug-log retention.,assertion,False,0.02,True,0.71,denied,planned,6563931fe4af433f6886dcba4201c5d00b948d865c38867920c9789fc1c16e0a
case-06-4,development,memory-assess-v1,compact,An engineer proposed seven-day debug-log retention for Fern.,assertion,True,0.96,True,0.58,planned,established,d0751a522a0b203533f966c1ca1d011fa5b046ebdbd715725cd25c9820ee98af
case-07-1,development,memory-assess-v1,compact,Ginkgo release artifacts require offline-key signatures.,supported;assertion,True,0.03,True,0.87,established,unclear,c49bb15a42e726bfbdaf676ebb1fe80e41734e6aee5ccf92a7375e7cb63c65c8
case-07-5,development,memory-assess-v1,compact,Ginkgo allows publication without second-maintainer signature verification.,assertion,False,0.02,True,0.76,denied,unclear,af5373ff2318b98265b0e4c32ccb5f4bca754b6a7be0b71ed511297f343b5296
case-08-1,development,memory-assess-v1,compact,Hazel routes real incident alerts to the on-call engineer.,supported,True,0.05,True,0.77,established,established,e6dd60bf7ebd87d4cc0f1d7cbc20ade8aa99c14081bbead2cbb15173cc5e3359
case-08-4,development,memory-assess-v1,compact,Hazel requires permanent incident acknowledgement records.,supported;assertion,True,0.24,True,0.77,established,planned,72dfc4a9482d2c1cd3c7a54e67c62956ecb37dec7a9f80bb2e92b32f62128460
case-09-1,development,memory-assess-v1,compact,Iris cache keys include organization ID.,supported;assertion,True,0.03,True,0.77,established,unclear,2bf490cfa592cb8c94c54652f51a5e3aea45a4a797b79be63c1db4ad2e36ac5d
case-09-4,development,memory-assess-v1,compact,An Iris operator believes the cache TTL is ten minutes.,retention_durability,True,0.96,True,0.24,established,established,da3d08438913532c928639dd962bfce96079123b344e3a7571a3d273ad7a7385
case-10-1,development,memory-assess-v1,compact,Juniper accessibility acceptance requires visible keyboard focus.,supported,True,0.22,True,0.85,established,established,dff93c68da0517b1a1aaaf15d53951a46200c37351e0306217b94c4d6277bbb7
case-10-2,development,memory-assess-v1,compact,Juniper passed full accessibility acceptance.,retention_durability,False,0.01,True,0.48,denied,denied,9dab02c5a1afb18a27e948583f451006ae274df13fb51d8e94adc8bf725050ab
case-12-1,development,memory-assess-v1,compact,Larch schema migrations require a single database lock.,supported;assertion,True,0.02,True,0.85,established,unclear,855c6fabc7548f1ca21c3bc6c0d1423271d894fe3271d47f35e2ada15326e2ac
case-12-3,development,memory-assess-v1,compact,Larch automatically retries non-idempotent migrations.,assertion,False,0.02,True,0.75,denied,unclear,6f2ca32ea35310265fd9bb55d79c3d2adf1c0a3b3d43cf7f331462461bb58e2d
case-12-5,development,memory-assess-v1,compact,Larch has already retried the timed-out migration.,retention_durability,False,0.01,True,0.41,denied,denied,3cf69508ba7a41f073c27f5ecc0e6a64f7aa93453a77dd121126078b3fdae581
case-13-1,development,memory-assess-v1,compact,Maple retains anonymized invoices for seven years after account deletion.,supported;assertion,True,0.04,True,0.89,established,unclear,8e6002dbff87df0932adfeec372e099abc54b62922e044ff098968e9044fee64
case-13-2,development,memory-assess-v1,compact,Maple immediately removes profile fields on account deletion.,supported,True,0.09,True,0.8,established,established,170fbcb9ee4246975b09023cf76738fc769aa687a8c8c8993a4395e1bbbb685c
case-14-1,development,memory-assess-v1,compact,Nettle production reports use a read-only replica.,supported,True,0.04,True,0.86,established,established,a3911e78a1db3c413f0b2da174580ffbefc206c87b1ead1f921f1dde95103d26
case-14-2,development,memory-assess-v1,compact,Nettle production reports may run on the writer.,assertion,False,0.14,True,0.68,denied,established,d34a8cfde6fa315705d480526592db6edabb3a1df1fe4d0b9e6371bd6510dfb5
case-01-1,development,memory-assess-v1,relevant,Aster production backups use customer-managed encryption keys.,supported,True,0.34,True,0.88,established,established,9dc58d89739aa140a44482f702e431697df555ffce6b8c83e95c9e734b94a497
case-01-4,development,memory-assess-v1,relevant,Aster requires quarterly restore drills.,assertion,True,0.64,True,0.84,established,planned,de50c4a7c5125279f74d4b8badb5510fa993fd582a4c85eb5ecff0e01e6c54d5
case-02-1,development,memory-assess-v1,relevant,The Birch vendor reports that snapshots are encrypted.,supported;assertion,True,0.28,True,0.67,established,unclear,af35ba8d282a71a2406927cfdb7376065485a2e42ad2491d215484e3e41fe5aa
case-03-1,development,memory-assess-v1,relevant,Cedar currently expires administrator sessions after twelve hours.,supported,True,0.12,True,0.77,established,established,bb1402499d10c6082e630ad3026ef6c682671041de87de645ca3034f05b56f80
case-03-2,development,memory-assess-v1,relevant,Cedar currently expires sessions after two hours.,assertion,False,0.01,True,0.55,denied,planned,a52299921c32bb7e7dd2ff3c5521decd4a22787b9717204fe5aef4bde6813313
case-03-4,development,memory-assess-v1,relevant,Cedar might offer a warning banner if support volume rises.,retention_durability,True,0.91,True,0.37,hypothetical,hypothetical,0ee04cb7ecef23271fbdad3ca360012bb0c23ceda9ea84f30250c314f131f174
case-03-5,development,memory-assess-v1,relevant,Cedar decided to deploy a warning banner.,assertion,False,0.01,True,0.63,denied,hypothetical,1777fb3dff85ac53b7d5940fe9f4d944c56ce5a3caee5d65836bdc0c79c06920
case-04-1,development,memory-assess-v1,relevant,Dahlia export is enabled for the European tenant.,supported,True,0.23,True,0.81,established,established,a1bcefeaa6a9e01e8804aeb5e051c341f653ee98815cf0cfc261c50c53e4748c
case-04-2,development,memory-assess-v1,relevant,Dahlia export is enabled for the US tenant.,retention_durability,False,0.01,True,0.47,denied,denied,df556dd38bcc4625c5f849246c8ab78866ca0fd0f4150547ee38d715b0f02422
case-05-1,development,memory-assess-v1,relevant,Elm search indexing is currently enabled.,supported,True,0.32,True,0.54,established,established,3729b3b9e3e5a47920c70a3c8318fb8f20ab8c854e6682deac9899cc0abee2d3
case-05-2,development,memory-assess-v1,relevant,Elm search indexing is currently disabled.,retention_durability;assertion,False,0.1,True,0.42,denied,established,0c0b650992fc1a195820da78869079accc297029c977e1be7ea36f7e443afecb
case-05-3,development,memory-assess-v1,relevant,Elm completed the migration.,supported;assertion,True,0.23,True,0.68,established,unclear,eec41fd241096d2cf7f5b2feea312618e239f1a094423c1fc1473cd1904b14c5
case-05-4,development,memory-assess-v1,relevant,Elm requires index writes outside checkout transactions.,supported;assertion,True,0.15,True,0.85,established,planned,3a6e63184beec4dcb6c9fac47e101426cdccf268170fc499110eba661dbe0c68
case-06-1,development,memory-assess-v1,relevant,Fern normally retains logs for thirty days.,supported,True,0.09,True,0.86,established,established,4e6e469897d09fb8cf345c39e5f186fb3be8c52b95105c71b35ad8a5418c03e7
case-06-2,development,memory-assess-v1,relevant,Fern legal holds override normal log expiry.,supported,True,0.29,True,0.89,established,established,5d0747ed10cfda3b8cc0f4d17d65a7629d70a33cf64b031095aac8b08beaf10e
case-06-3,development,memory-assess-v1,relevant,Fern has approved seven-day debug-log retention.,assertion,False,0.02,True,0.56,denied,planned,59e83666c5d95b970679a1786ff43e65ababb6be8951aa343ba406da48e4ed36
case-06-4,development,memory-assess-v1,relevant,An engineer proposed seven-day debug-log retention for Fern.,retention_durability;assertion,True,0.95,True,0.49,planned,established,741ad5da64cf20966ecd6d57591cce28a84d6e37480591d0cdae3b5b673257c6
case-07-1,development,memory-assess-v1,relevant,Ginkgo release artifacts require offline-key signatures.,supported,True,0.23,True,0.91,established,established,63ff51a25c7690d433af3962bdc039a000fd038b3bcfa9a6edfa5b5229e5dbfd
case-08-1,development,memory-assess-v1,relevant,Hazel routes real incident alerts to the on-call engineer.,supported,True,0.31,True,0.84,established,established,a16f4879ab09aed50868ce37c208789daef18a7f4a27b55d1d8055cc0da33948
case-08-4,development,memory-assess-v1,relevant,Hazel requires permanent incident acknowledgement records.,supported,True,0.34,True,0.8,established,established,f5ae8ee6f7656a69e29682338d53f2d0a9911efc5dfe653821a0f9c132a8e1d2
case-09-1,development,memory-assess-v1,relevant,Iris cache keys include organization ID.,supported,True,0.45,True,0.87,established,established,3677cb97ef296574597bc493aab8fc7777408e11095445fc40044498e6a825c3
case-09-4,development,memory-assess-v1,relevant,An Iris operator believes the cache TTL is ten minutes.,retention_durability,True,0.96,True,0.22,established,established,176a0f4cc881b9b67943cb1bf55948d6c5b66ffab201dfa5ce76b48f00d62d38
case-10-2,development,memory-assess-v1,relevant,Juniper passed full accessibility acceptance.,retention_durability,False,0.01,True,0.49,denied,denied,c2869f459e9baea71028b26d26665437dfa2c38004b33b9f7244bd4eee374481
case-12-1,development,memory-assess-v1,relevant,Larch schema migrations require a single database lock.,supported,True,0.15,True,0.89,established,established,9328c93630ec733fd234d45216de7d01f459cff747dff13ec01126fe1068e12e
case-12-4,development,memory-assess-v1,relevant,Larch requires database inspection before retrying this timed-out migration.,assertion,True,0.8,True,0.85,established,planned,d8e8b13a55197dc04f67e0c8cbafedc9b53b1a34ee95dfd46edabe2fe800e555
case-12-5,development,memory-assess-v1,relevant,Larch has already retried the timed-out migration.,retention_durability,False,0.01,True,0.46,denied,denied,2e389ea283ac56987ad4bce01b3d6f0aa949754e5bb5be73dfc7defe75920ab7
case-13-1,development,memory-assess-v1,relevant,Maple retains anonymized invoices for seven years after account deletion.,supported,True,0.17,True,0.9,established,established,ed3548e1f66b7d6cbf9e7026e38225776a99fb2b843bc4a07397c9260b356bdc
case-13-2,development,memory-assess-v1,relevant,Maple immediately removes profile fields on account deletion.,supported,True,0.33,True,0.9,established,established,52397074823009822b3b4bc0b9bdf4af4f641dc10d87e702a858fbc92089256a
case-14-1,development,memory-assess-v1,relevant,Nettle production reports use a read-only replica.,supported,True,0.29,True,0.91,established,established,dd2895cca4dc65d623925f7ebaf880fee9d2507c31a3c365c56ab27025a37644
case-14-2,development,memory-assess-v1,relevant,Nettle production reports may run on the writer.,retention_durability,False,0.01,True,0.48,denied,denied,296226fae8825bbcbbd7d5f4f152d7ac9398689a908948a7b96879bc06f8d69b
case-01-1,development,memory-assess-v1,target20k,Aster production backups use customer-managed encryption keys.,supported,True,0.37,True,0.9,established,established,9dc58d89739aa140a44482f702e431697df555ffce6b8c83e95c9e734b94a497
case-01-4,development,memory-assess-v1,target20k,Aster requires quarterly restore drills.,assertion,True,0.57,True,0.85,established,planned,de50c4a7c5125279f74d4b8badb5510fa993fd582a4c85eb5ecff0e01e6c54d5
case-02-1,development,memory-assess-v1,target20k,The Birch vendor reports that snapshots are encrypted.,supported;assertion,True,0.23,True,0.69,established,unclear,af35ba8d282a71a2406927cfdb7376065485a2e42ad2491d215484e3e41fe5aa
case-03-1,development,memory-assess-v1,target20k,Cedar currently expires administrator sessions after twelve hours.,supported,True,0.13,True,0.77,established,established,bb1402499d10c6082e630ad3026ef6c682671041de87de645ca3034f05b56f80
case-03-2,development,memory-assess-v1,target20k,Cedar currently expires sessions after two hours.,assertion,False,0.01,True,0.55,denied,planned,a52299921c32bb7e7dd2ff3c5521decd4a22787b9717204fe5aef4bde6813313
case-03-4,development,memory-assess-v1,target20k,Cedar might offer a warning banner if support volume rises.,retention_durability,True,0.91,True,0.35,hypothetical,hypothetical,0ee04cb7ecef23271fbdad3ca360012bb0c23ceda9ea84f30250c314f131f174
case-03-5,development,memory-assess-v1,target20k,Cedar decided to deploy a warning banner.,assertion,False,0.01,True,0.64,denied,hypothetical,1777fb3dff85ac53b7d5940fe9f4d944c56ce5a3caee5d65836bdc0c79c06920
case-04-1,development,memory-assess-v1,target20k,Dahlia export is enabled for the European tenant.,supported,True,0.25,True,0.8,established,established,a1bcefeaa6a9e01e8804aeb5e051c341f653ee98815cf0cfc261c50c53e4748c
case-04-2,development,memory-assess-v1,target20k,Dahlia export is enabled for the US tenant.,retention_durability,False,0.01,True,0.47,denied,denied,df556dd38bcc4625c5f849246c8ab78866ca0fd0f4150547ee38d715b0f02422
case-05-1,development,memory-assess-v1,target20k,Elm search indexing is currently enabled.,supported,True,0.38,True,0.56,established,established,3729b3b9e3e5a47920c70a3c8318fb8f20ab8c854e6682deac9899cc0abee2d3
case-05-2,development,memory-assess-v1,target20k,Elm search indexing is currently disabled.,retention_durability;assertion,False,0.13,True,0.45,denied,established,0c0b650992fc1a195820da78869079accc297029c977e1be7ea36f7e443afecb
case-05-3,development,memory-assess-v1,target20k,Elm completed the migration.,supported;assertion,True,0.15,True,0.68,established,unclear,eec41fd241096d2cf7f5b2feea312618e239f1a094423c1fc1473cd1904b14c5
case-05-4,development,memory-assess-v1,target20k,Elm requires index writes outside checkout transactions.,supported;assertion,True,0.18,True,0.84,established,planned,3a6e63184beec4dcb6c9fac47e101426cdccf268170fc499110eba661dbe0c68
case-06-1,development,memory-assess-v1,target20k,Fern normally retains logs for thirty days.,supported,True,0.1,True,0.85,established,established,4e6e469897d09fb8cf345c39e5f186fb3be8c52b95105c71b35ad8a5418c03e7
case-06-3,development,memory-assess-v1,target20k,Fern has approved seven-day debug-log retention.,assertion,False,0.02,True,0.55,denied,planned,59e83666c5d95b970679a1786ff43e65ababb6be8951aa343ba406da48e4ed36
case-06-4,development,memory-assess-v1,target20k,An engineer proposed seven-day debug-log retention for Fern.,retention_durability;assertion,True,0.95,True,0.49,planned,established,741ad5da64cf20966ecd6d57591cce28a84d6e37480591d0cdae3b5b673257c6
case-07-1,development,memory-assess-v1,target20k,Ginkgo release artifacts require offline-key signatures.,supported,True,0.33,True,0.91,established,established,63ff51a25c7690d433af3962bdc039a000fd038b3bcfa9a6edfa5b5229e5dbfd
case-08-1,development,memory-assess-v1,target20k,Hazel routes real incident alerts to the on-call engineer.,supported,True,0.33,True,0.84,established,established,a16f4879ab09aed50868ce37c208789daef18a7f4a27b55d1d8055cc0da33948
case-09-1,development,memory-assess-v1,target20k,Iris cache keys include organization ID.,supported,True,0.34,True,0.87,established,established,3677cb97ef296574597bc493aab8fc7777408e11095445fc40044498e6a825c3
case-09-4,development,memory-assess-v1,target20k,An Iris operator believes the cache TTL is ten minutes.,retention_durability,True,0.97,True,0.23,established,established,176a0f4cc881b9b67943cb1bf55948d6c5b66ffab201dfa5ce76b48f00d62d38
case-12-1,development,memory-assess-v1,target20k,Larch schema migrations require a single database lock.,supported;assertion,True,0.15,True,0.88,established,unclear,9328c93630ec733fd234d45216de7d01f459cff747dff13ec01126fe1068e12e
case-12-2,development,memory-assess-v1,target20k,The latest Larch migration definitely completed.,retention_durability,False,0.02,True,0.46,unclear,unclear,9019e28de649f9f7380a700ec49c41a4d4f0cadbe47ea84a8a49b30392e85da5
case-12-4,development,memory-assess-v1,target20k,Larch requires database inspection before retrying this timed-out migration.,assertion,True,0.8,True,0.85,established,planned,d8e8b13a55197dc04f67e0c8cbafedc9b53b1a34ee95dfd46edabe2fe800e555
case-12-5,development,memory-assess-v1,target20k,Larch has already retried the timed-out migration.,retention_durability,False,0.01,True,0.46,denied,denied,2e389ea283ac56987ad4bce01b3d6f0aa949754e5bb5be73dfc7defe75920ab7
case-13-1,development,memory-assess-v1,target20k,Maple retains anonymized invoices for seven years after account deletion.,supported,True,0.34,True,0.91,established,established,ed3548e1f66b7d6cbf9e7026e38225776a99fb2b843bc4a07397c9260b356bdc
case-13-2,development,memory-assess-v1,target20k,Maple immediately removes profile fields on account deletion.,supported,True,0.33,True,0.89,established,established,52397074823009822b3b4bc0b9bdf4af4f641dc10d87e702a858fbc92089256a
case-14-1,development,memory-assess-v1,target20k,Nettle production reports use a read-only replica.,supported,True,0.31,True,0.91,established,established,dd2895cca4dc65d623925f7ebaf880fee9d2507c31a3c365c56ab27025a37644
case-01-1,development,memory-assess-v2,compact,Aster production backups use customer-managed encryption keys.,supported,True,0.22,True,0.79,established,established,488896f78d1f3203ca821a6f8b01a5b057f535660bdd9ae3005020ad52cb43c2
case-01-4,development,memory-assess-v2,compact,Aster requires quarterly restore drills.,assertion,True,0.63,True,0.83,established,planned,887613f275231982a104b98d4abbda4fafd83fcfa4dfa98c25122be99e1505a8
case-01-5,development,memory-assess-v2,compact,The visitor’s current download is forty percent complete.,supported,True,0.41,False,0.1,established,established,bcef3f34d1eb375b7f14e5f9a42ae60ad82faa0601688be0ff2879086615fe38
case-02-1,development,memory-assess-v2,compact,The Birch vendor reports that snapshots are encrypted.,supported;assertion,True,0.37,True,0.5,established,unclear,4cfbf2732c40993b7971dd859aee3f1fbfb06a16971cd06a286e47872d712e9c
case-03-1,development,memory-assess-v2,compact,Cedar currently expires administrator sessions after twelve hours.,supported,True,0.44,True,0.64,established,established,43c2ad087efc60f4881f31cad1d11eebe05f6cca39524f862ffb14e58d70d983
case-03-2,development,memory-assess-v2,compact,Cedar currently expires sessions after two hours.,assertion,False,0.25,True,0.55,denied,planned,f414bef86a40eb71ba96d2b589d6fdc31357531cccb414ec05fe329200e2c2d0
case-03-3,development,memory-assess-v2,compact,Cedar plans two-hour sessions next month.,supported,True,0.35,True,0.72,planned,planned,a1fa7e61cfdefb94177a2fcb93acc27daa318b72c40096633e4893920d67b1b0
case-03-4,development,memory-assess-v2,compact,Cedar might offer a warning banner if support volume rises.,retention_durability,True,0.65,True,0.4,hypothetical,hypothetical,bc1fe5ddffa549745410ae5b0d5747da0809d593f521f5952b34e4ee46f55430
case-03-5,development,memory-assess-v2,compact,Cedar decided to deploy a warning banner.,assertion,False,0.04,True,0.53,denied,hypothetical,063a968cdabe9dd53f7dbf47ee59c3b8b96b433240a25eee68f065a6f7895728
case-04-1,development,memory-assess-v2,compact,Dahlia export is enabled for the European tenant.,supported;assertion,True,0.11,True,0.66,established,unclear,9c5f22901f1611d1a9952bcf1527c08cc02e19e41106337f60893cd37ffaac7a
case-04-2,development,memory-assess-v2,compact,Dahlia export is enabled for the US tenant.,retention_durability,False,0.04,True,0.49,denied,denied,fef23c892e1fe8f0108516bfbfe4deff5db10f7e55fd823ae6bdaed0429b68ef
case-05-1,development,memory-assess-v2,compact,Elm search indexing is currently enabled.,supported,True,0.38,True,0.5,established,established,7dd6ec6f80d21eea6864511adfb451c811b988a04802d96ae95d724903dbef57
case-05-2,development,memory-assess-v2,compact,Elm search indexing is currently disabled.,assertion,False,0.23,True,0.52,denied,unclear,0c3b0defdfcd374b240b1357150e501aab4792941222bdd5a79c350c87877961
case-05-3,development,memory-assess-v2,compact,Elm completed the migration.,supported;retention_durability;assertion,True,0.13,True,0.48,established,unclear,cc5583479bf300863ce37a592603a540e87964204fd5ad6d604c610d54aa4e8d
case-06-1,development,memory-assess-v2,compact,Fern normally retains logs for thirty days.,supported,True,0.33,True,0.79,established,established,1249cd818c8246151755ca7c1d06ba1c6b943de7ce39c1f8484b6223feaaa33e
case-06-4,development,memory-assess-v2,compact,An engineer proposed seven-day debug-log retention for Fern.,retention_durability,True,0.81,True,0.36,planned,planned,0ec2ec89faaec9a7b851216045c6f8651ad2480907747db518d0b2bc4d38177f
case-07-1,development,memory-assess-v2,compact,Ginkgo release artifacts require offline-key signatures.,supported;assertion,True,0.1,True,0.77,established,unclear,14dbd82f640da8242905974d2ad962bf54641ce1ee110468599cfb9fd841cde2
case-07-3,development,memory-assess-v2,compact,Ginkgo release 8 has been published.,retention_durability,False,0.03,True,0.38,denied,denied,8985fd37601567601b4c27b211e37a4021b3293970f90d0155431268950a8aa3
case-08-1,development,memory-assess-v2,compact,Hazel routes real incident alerts to the on-call engineer.,supported,True,0.49,True,0.73,established,established,f1c20648ce5201e558d71b0de88fe8775f8bd87b7bf3e066f81918a308b18516
case-08-4,development,memory-assess-v2,compact,Hazel requires permanent incident acknowledgement records.,supported;assertion,True,0.3,True,0.78,established,planned,6992e0596d14337d3612fb7dd502d3ee95fa5f0150aa2f356e9caa76408b8ba4
case-09-1,development,memory-assess-v2,compact,Iris cache keys include organization ID.,supported;assertion,True,0.14,True,0.64,established,unclear,84317af325fb723b81bda9ca47e90bcdd64a1720135c915aa766e3d1289895ea
case-09-2,development,memory-assess-v2,compact,Iris cache TTL is confirmed to be ten minutes.,retention_durability,False,0.03,True,0.4,unclear,unclear,04bf3f58635568db65108be30eec629a9491c262c8f02e03bd41a128d526950b
case-09-3,development,memory-assess-v2,compact,Iris cache TTL is confirmed to be one minute.,retention_durability,False,0.04,True,0.44,unclear,unclear,01ec1cd966c3e65b94f4136937934ead6471c065fd82143d2f4ffff3181b3098
case-09-4,development,memory-assess-v2,compact,An Iris operator believes the cache TTL is ten minutes.,retention_durability;assertion,True,0.89,True,0.21,established,unclear,7672c5c55acb9c1c27585e6c5a437fdc67d24e1f6a90648d2b39854219d6d330
case-09-5,development,memory-assess-v2,compact,Iris has completed inspection of its cache TTL.,retention_durability,False,0.02,True,0.34,denied,denied,ce03b9b3cc447dbeb3ec2343d6d2ef3ee666d3c6ee7bedcd17aacbf85392e383
case-10-1,development,memory-assess-v2,compact,Juniper accessibility acceptance requires visible keyboard focus.,supported,True,0.35,True,0.85,established,established,430e0c39d08b6156294ff0a8146b2cf17645fc7d1e1258247bdb78da29c19d37
case-10-2,development,memory-assess-v2,compact,Juniper passed full accessibility acceptance.,retention_durability,False,0.02,True,0.36,denied,denied,3aa033c9f184cd535f6a613761a1963e39c79732834a4be749cbba855890ee7f
case-10-3,development,memory-assess-v2,compact,Juniper keyboard navigation passed testing.,retention_durability,True,0.73,True,0.43,established,established,de81d1b098656ff42eabf8bf2a72a4ee8b11113ab174167b0cd537684207cad8
case-10-4,development,memory-assess-v2,compact,Juniper plans a visible-focus fix for Friday.,supported,True,0.44,True,0.63,planned,planned,c923eb1e5afad01dc0b3070ff2df122fdcbf30bfca18482835cc2954e7e0e6e8
case-11-3,development,memory-assess-v2,compact,Kelp translates developer logs into Japanese.,assertion,False,0.28,True,0.66,denied,established,54d02435a1e2a40f5854a118c911106aea6e4ba73b8f97f6007ed340d0b52d5c
case-12-1,development,memory-assess-v2,compact,Larch schema migrations require a single database lock.,supported;assertion,True,0.06,True,0.66,established,unclear,aafa235ad0c9cecd92840b35811974fc41f17aed0871d0624670f4cdc597e7c6
case-12-2,development,memory-assess-v2,compact,The latest Larch migration definitely completed.,retention_durability;assertion,False,0.02,True,0.36,unclear,denied,2cb0a30e65df3b483f6e69f4255b457975f5bcc9a50b63bf4ed48f9673004c5d
case-12-4,development,memory-assess-v2,compact,Larch requires database inspection before retrying this timed-out migration.,assertion,True,0.67,True,0.77,established,planned,d3323f1d740280b11c5e521cb9dcbfc3d02122f66cd789100e3238fe712c42e9
case-12-5,development,memory-assess-v2,compact,Larch has already retried the timed-out migration.,retention_durability,False,0.03,True,0.34,denied,denied,9fb09757ec727ca4d747f99cc4b49f7f29f97e5f1ba70a3561386aaf8dc0a382
case-13-1,development,memory-assess-v2,compact,Maple retains anonymized invoices for seven years after account deletion.,supported;assertion,True,0.14,True,0.81,established,unclear,96d5dbed38cd651033e2c1472d1e94bbb487292aa770ce6cabe0d86c17cd2285
case-13-2,development,memory-assess-v2,compact,Maple immediately removes profile fields on account deletion.,supported,True,0.38,True,0.75,established,established,15b51f42242c682360a631bf33d65616000e7e99a58c39242ff77c83e8b9bed7
case-14-1,development,memory-assess-v2,compact,Nettle production reports use a read-only replica.,supported,True,0.32,True,0.77,established,established,4843d25014c4b75aad613502f6b6f6d1d4ee0315dc3a7aaa26117056d5b1e80a
case-14-2,development,memory-assess-v2,compact,Nettle production reports may run on the writer.,retention_durability,False,0.07,True,0.21,denied,denied,aec0e2f01995dbb73ddfa2fa59f79ebdbe142f815393e758e7b0cc6c9c6d2122
case-14-4,development,memory-assess-v2,compact,Nettle permanently moved staging reports to the writer.,retention_durability,False,0.02,True,0.29,denied,denied,3e6eebc30162e57ad2d30dc0233978231123d8a1c726db2885d83451ed4cb582
case-01-4,development,memory-assess-v2,relevant,Aster requires quarterly restore drills.,assertion,True,0.54,True,0.82,established,planned,9af902f91ba094743208c8c1c5b36a0893f019248a8c8076e52d72bec4aec2f6
case-02-1,development,memory-assess-v2,relevant,The Birch vendor reports that snapshots are encrypted.,retention_durability,True,0.71,True,0.39,established,established,573a1255460169c23c2b2151ae723b8654091965c87346d66bc2a9b832160562
case-02-3,development,memory-assess-v2,relevant,Birch plans an independent audit next quarter.,supported,True,0.45,True,0.74,planned,planned,ce607da5966649f14f8d57f6c200786e3f183acb849ac835db9e46a273db537e
case-02-5,development,memory-assess-v2,relevant,Birch snapshots have independently proven encryption.,retention_durability,False,0.01,True,0.43,denied,denied,7655065c613236690ea67e1597b1fc59c88f083abbb2b1b46213cf25ca53844e
case-03-2,development,memory-assess-v2,relevant,Cedar currently expires sessions after two hours.,retention_durability,False,0.05,True,0.41,denied,denied,4566b32003b028e224a125a1de03685fbc5ca44be52e7c596a613ea15ca51a6b
case-03-3,development,memory-assess-v2,relevant,Cedar plans two-hour sessions next month.,supported,True,0.31,True,0.72,planned,planned,fe54e092bf417a01b3315ce36c5510e081e1f1d8298d0ac88df8550f1174f1ae
case-03-4,development,memory-assess-v2,relevant,Cedar might offer a warning banner if support volume rises.,retention_durability,True,0.58,True,0.42,hypothetical,hypothetical,7504f56d9dc6292dcd99d9326ac4069236ed48977f12d6cd827210280b4d898f
case-03-5,development,memory-assess-v2,relevant,Cedar decided to deploy a warning banner.,assertion,False,0.03,True,0.54,denied,hypothetical,d1fee9ffac146f6f94a3b5beca63ef7cfa56307e3e0d6d047aebc275ff68012d
case-04-2,development,memory-assess-v2,relevant,Dahlia export is enabled for the US tenant.,retention_durability,False,0.02,True,0.48,denied,denied,06e22367969a2b2d83597c14ef4d43884f178dbaa6e0797f710de60e99d36fa1
case-05-2,development,memory-assess-v2,relevant,Elm search indexing is currently disabled.,retention_durability,False,0.15,True,0.45,denied,denied,2bcd14ccb0646730222bd96dd4b4cd6cd144a686a77c324c5c3fb80a656e93c1
case-05-3,development,memory-assess-v2,relevant,Elm completed the migration.,retention_durability,True,0.53,True,0.4,established,established,73b39f3ff70f4927ce4a4449d5b0e1d223c09a1f7572dc5a1d777e95a6db80f5
case-05-4,development,memory-assess-v2,relevant,Elm requires index writes outside checkout transactions.,supported,True,0.49,True,0.82,established,established,23b4ca4fe6b849a633042dade57247a64738e773231da6b26cbadef8b538390f
case-06-4,development,memory-assess-v2,relevant,An engineer proposed seven-day debug-log retention for Fern.,retention_durability,True,0.79,True,0.32,planned,planned,126eb753033a285b2159396de091e187e9b8232a3a4b6fc924086a5e20ce4221
case-07-3,development,memory-assess-v2,relevant,Ginkgo release 8 has been published.,retention_durability,False,0.02,True,0.38,denied,denied,39382d5e2203f2456b7591f189f0269278938f9b94e80eec8056af19b27311d8
case-07-4,development,memory-assess-v2,relevant,Ginkgo plans to publish release 8 tomorrow if tests pass.,supported,True,0.45,True,0.55,planned,planned,574f03701f17969813c2de1ca24212cd45c28cb4ff10298effef8fc021e68763
case-08-2,development,memory-assess-v2,relevant,Hazel routes real incident alerts to the product manager.,retention_durability,False,0.03,True,0.43,denied,denied,1e450a51b76c96cd7e4220003b77a62ce2276c904b64ad24fa8bac2dd25a4bfd
case-08-3,development,memory-assess-v2,relevant,The training exercise imagines Hazel alerting the product manager.,supported,True,0.47,False,0.21,hypothetical,hypothetical,afabce0c5cfe2d90d979c02934fbe58ebfa33401cadf9c61a9df7febebd32a8d
case-08-4,development,memory-assess-v2,relevant,Hazel requires permanent incident acknowledgement records.,supported,True,0.35,True,0.8,established,established,02a9e64a43465efb6c7f214481c1999e71f5e23b387e543758a6b4b37125c65e
case-09-2,development,memory-assess-v2,relevant,Iris cache TTL is confirmed to be ten minutes.,retention_durability,False,0.03,True,0.46,unclear,unclear,187bc25362271c2ab77a887d6d9f492a2cf87e86e0a8beab6c62c497cbd071eb
case-09-3,development,memory-assess-v2,relevant,Iris cache TTL is confirmed to be one minute.,retention_durability,False,0.04,True,0.49,unclear,unclear,e3f66aea3d6e7d602e0f12c9db067886341df721d09cfcff6984d029dd2faf9e
case-09-4,development,memory-assess-v2,relevant,An Iris operator believes the cache TTL is ten minutes.,retention_durability;assertion,True,0.88,True,0.22,established,unclear,e9407d3bbf2e566ccb98e4e636d757d60d0ca5ebcaf0c7717ed7cc8ca5d26378
case-09-5,development,memory-assess-v2,relevant,Iris has completed inspection of its cache TTL.,retention_durability,False,0.02,True,0.29,denied,denied,929e3219e2755d1270a5b943367be50108d8466e1149a30d46b8ef70a51908b7
case-10-1,development,memory-assess-v2,relevant,Juniper accessibility acceptance requires visible keyboard focus.,supported,True,0.49,True,0.85,established,established,f8f791580ffc95c63de33c0d0019f35bf319b8965558de08b4b83e22ba6c6af8
case-10-2,development,memory-assess-v2,relevant,Juniper passed full accessibility acceptance.,retention_durability,False,0.02,True,0.41,denied,denied,4abcca45381813b5e341e304f46379443456fa849a7fb1826c0c018bb4a10fb9
case-10-3,development,memory-assess-v2,relevant,Juniper keyboard navigation passed testing.,retention_durability,True,0.75,True,0.45,established,established,2fa94afff813cc7caabf3fa460a6843962c7905b7d2ccf4767519336983aa429
case-10-4,development,memory-assess-v2,relevant,Juniper plans a visible-focus fix for Friday.,supported,True,0.34,True,0.64,planned,planned,7d72d444da58080412ba5a28d129f1a8898b67cb7d8e6510002dc0362c41871f
case-12-2,development,memory-assess-v2,relevant,The latest Larch migration definitely completed.,retention_durability;assertion,False,0.02,True,0.28,unclear,denied,2da1e5c2a96e96efff7b9775dbafae595f35a320a4f0955fe401880a9b621c86
case-12-4,development,memory-assess-v2,relevant,Larch requires database inspection before retrying this timed-out migration.,assertion,True,0.69,True,0.78,established,planned,0ab14d5b53b7f8728749551477ed628e6b8ce505d46e90c2a111d453af51a630
case-12-5,development,memory-assess-v2,relevant,Larch has already retried the timed-out migration.,retention_durability,False,0.02,True,0.35,denied,denied,9a80d5d1cd49c2b71b4ac8e46c5a796a991f3ebcd2a58a59500e04add2bb319d
case-14-2,development,memory-assess-v2,relevant,Nettle production reports may run on the writer.,retention_durability,False,0.06,True,0.19,denied,denied,f8e378813b115246a057f94fa7d40096a7f88f0591a9ea534b62168e558d185a
case-14-4,development,memory-assess-v2,relevant,Nettle permanently moved staging reports to the writer.,retention_durability,False,0.02,True,0.3,denied,denied,535b7fe331e648550cb744ee7ea17a116a87367e563290dcddc52de30872566d
case-01-4,development,memory-assess-v2,target20k,Aster requires quarterly restore drills.,assertion,True,0.55,True,0.82,established,planned,9af902f91ba094743208c8c1c5b36a0893f019248a8c8076e52d72bec4aec2f6
case-02-1,development,memory-assess-v2,target20k,The Birch vendor reports that snapshots are encrypted.,retention_durability,True,0.69,True,0.38,established,established,573a1255460169c23c2b2151ae723b8654091965c87346d66bc2a9b832160562
case-02-2,development,memory-assess-v2,target20k,Birch independently audited snapshot encryption.,retention_durability,False,0.02,True,0.49,denied,denied,ddd38bf906c97de9bf9222a1a4742eff7a1140f873065a85a24b93463606353e
case-02-3,development,memory-assess-v2,target20k,Birch plans an independent audit next quarter.,supported,True,0.45,True,0.74,planned,planned,ce607da5966649f14f8d57f6c200786e3f183acb849ac835db9e46a273db537e
case-02-4,development,memory-assess-v2,target20k,The Birch operator opened the vendor PDF during this discussion.,supported,True,0.49,False,0.16,established,established,ae63a631ba1a7c73ccc5437c99010afc7088b81a2fbac0c64097142e98417ab7
case-02-5,development,memory-assess-v2,target20k,Birch snapshots have independently proven encryption.,retention_durability,False,0.01,True,0.39,denied,denied,7655065c613236690ea67e1597b1fc59c88f083abbb2b1b46213cf25ca53844e
case-03-2,development,memory-assess-v2,target20k,Cedar currently expires sessions after two hours.,retention_durability,False,0.04,True,0.39,denied,denied,4566b32003b028e224a125a1de03685fbc5ca44be52e7c596a613ea15ca51a6b
case-03-3,development,memory-assess-v2,target20k,Cedar plans two-hour sessions next month.,supported,True,0.29,True,0.7,planned,planned,fe54e092bf417a01b3315ce36c5510e081e1f1d8298d0ac88df8550f1174f1ae
case-03-4,development,memory-assess-v2,target20k,Cedar might offer a warning banner if support volume rises.,retention_durability,True,0.62,True,0.4,hypothetical,hypothetical,7504f56d9dc6292dcd99d9326ac4069236ed48977f12d6cd827210280b4d898f
case-03-5,development,memory-assess-v2,target20k,Cedar decided to deploy a warning banner.,assertion,False,0.03,True,0.53,denied,hypothetical,d1fee9ffac146f6f94a3b5beca63ef7cfa56307e3e0d6d047aebc275ff68012d
case-04-2,development,memory-assess-v2,target20k,Dahlia export is enabled for the US tenant.,retention_durability,False,0.02,True,0.48,denied,denied,06e22367969a2b2d83597c14ef4d43884f178dbaa6e0797f710de60e99d36fa1
case-05-1,development,memory-assess-v2,target20k,Elm search indexing is currently enabled.,retention_durability,True,0.71,True,0.49,established,established,7726075c5ba1cfa35ee68386c9c69bd1644498cd533b632d2a8d02279b5d4f5c
case-05-2,development,memory-assess-v2,target20k,Elm search indexing is currently disabled.,retention_durability;assertion,False,0.18,True,0.44,denied,unclear,2bcd14ccb0646730222bd96dd4b4cd6cd144a686a77c324c5c3fb80a656e93c1
case-05-3,development,memory-assess-v2,target20k,Elm completed the migration.,retention_durability,True,0.53,True,0.43,established,established,73b39f3ff70f4927ce4a4449d5b0e1d223c09a1f7572dc5a1d777e95a6db80f5
case-06-4,development,memory-assess-v2,target20k,An engineer proposed seven-day debug-log retention for Fern.,retention_durability,True,0.78,True,0.32,planned,planned,126eb753033a285b2159396de091e187e9b8232a3a4b6fc924086a5e20ce4221
case-07-3,development,memory-assess-v2,target20k,Ginkgo release 8 has been published.,retention_durability,False,0.02,True,0.4,denied,denied,39382d5e2203f2456b7591f189f0269278938f9b94e80eec8056af19b27311d8
case-07-4,development,memory-assess-v2,target20k,Ginkgo plans to publish release 8 tomorrow if tests pass.,supported,True,0.46,True,0.56,planned,planned,574f03701f17969813c2de1ca24212cd45c28cb4ff10298effef8fc021e68763
case-08-2,development,memory-assess-v2,target20k,Hazel routes real incident alerts to the product manager.,retention_durability,False,0.03,True,0.45,denied,denied,1e450a51b76c96cd7e4220003b77a62ce2276c904b64ad24fa8bac2dd25a4bfd
case-08-3,development,memory-assess-v2,target20k,The training exercise imagines Hazel alerting the product manager.,supported,True,0.47,False,0.22,hypothetical,hypothetical,afabce0c5cfe2d90d979c02934fbe58ebfa33401cadf9c61a9df7febebd32a8d
case-08-4,development,memory-assess-v2,target20k,Hazel requires permanent incident acknowledgement records.,supported,True,0.34,True,0.79,established,established,02a9e64a43465efb6c7f214481c1999e71f5e23b387e543758a6b4b37125c65e
case-09-2,development,memory-assess-v2,target20k,Iris cache TTL is confirmed to be ten minutes.,retention_durability,False,0.04,True,0.43,unclear,unclear,187bc25362271c2ab77a887d6d9f492a2cf87e86e0a8beab6c62c497cbd071eb
case-09-3,development,memory-assess-v2,target20k,Iris cache TTL is confirmed to be one minute.,retention_durability,False,0.04,True,0.45,unclear,unclear,e3f66aea3d6e7d602e0f12c9db067886341df721d09cfcff6984d029dd2faf9e
case-09-4,development,memory-assess-v2,target20k,An Iris operator believes the cache TTL is ten minutes.,retention_durability;assertion,True,0.89,True,0.22,established,unclear,e9407d3bbf2e566ccb98e4e636d757d60d0ca5ebcaf0c7717ed7cc8ca5d26378
case-09-5,development,memory-assess-v2,target20k,Iris has completed inspection of its cache TTL.,retention_durability,False,0.02,True,0.26,denied,denied,929e3219e2755d1270a5b943367be50108d8466e1149a30d46b8ef70a51908b7
case-10-1,development,memory-assess-v2,target20k,Juniper accessibility acceptance requires visible keyboard focus.,supported,True,0.48,True,0.85,established,established,f8f791580ffc95c63de33c0d0019f35bf319b8965558de08b4b83e22ba6c6af8
case-10-2,development,memory-assess-v2,target20k,Juniper passed full accessibility acceptance.,retention_durability,False,0.02,True,0.37,denied,denied,4abcca45381813b5e341e304f46379443456fa849a7fb1826c0c018bb4a10fb9
case-10-3,development,memory-assess-v2,target20k,Juniper keyboard navigation passed testing.,retention_durability,True,0.76,True,0.42,established,established,2fa94afff813cc7caabf3fa460a6843962c7905b7d2ccf4767519336983aa429
case-10-4,development,memory-assess-v2,target20k,Juniper plans a visible-focus fix for Friday.,supported,True,0.39,True,0.65,planned,planned,7d72d444da58080412ba5a28d129f1a8898b67cb7d8e6510002dc0362c41871f
case-11-3,development,memory-assess-v2,target20k,Kelp translates developer logs into Japanese.,retention_durability,False,0.03,True,0.48,denied,denied,3fa16953d46349a26788ccb5806e8f8b9fd08b71a6b0135e13e84006d4ec2b56
case-12-2,development,memory-assess-v2,target20k,The latest Larch migration definitely completed.,retention_durability;assertion,False,0.02,True,0.27,unclear,denied,2da1e5c2a96e96efff7b9775dbafae595f35a320a4f0955fe401880a9b621c86
case-12-4,development,memory-assess-v2,target20k,Larch requires database inspection before retrying this timed-out migration.,assertion,True,0.63,True,0.78,established,planned,0ab14d5b53b7f8728749551477ed628e6b8ce505d46e90c2a111d453af51a630
case-12-5,development,memory-assess-v2,target20k,Larch has already retried the timed-out migration.,retention_durability,False,0.03,True,0.32,denied,denied,9a80d5d1cd49c2b71b4ac8e46c5a796a991f3ebcd2a58a59500e04add2bb319d
case-14-2,development,memory-assess-v2,target20k,Nettle production reports may run on the writer.,retention_durability,False,0.08,True,0.19,denied,denied,f8e378813b115246a057f94fa7d40096a7f88f0591a9ea534b62168e558d185a
case-14-4,development,memory-assess-v2,target20k,Nettle permanently moved staging reports to the writer.,retention_durability,False,0.02,True,0.33,denied,denied,535b7fe331e648550cb744ee7ea17a116a87367e563290dcddc52de30872566d
case-15-1,sealed,memory-assess-v1,compact,Olive stores event instants in UTC with the original IANA timezone separately.,supported;assertion,True,0.03,True,0.85,established,unclear,99fed98968fb75691193bb6f35942bc099875455492fb22b98214598c2bfe8a3
case-15-4,sealed,memory-assess-v1,compact,Olive has executed tomorrow’s clock-change test.,retention_durability;assertion,False,0.01,True,0.39,denied,planned,efc1ce5009bff51656736dc10e72eab67e7ca8e10d239a22c20f538312e22260
case-15-5,sealed,memory-assess-v1,compact,Olive plans a clock-change test tomorrow.,retention_durability,True,0.81,True,0.46,planned,planned,c8d1a01764c63ee770e13bf9ec359902f8078ec64634f6b0ae7a88a7401e6612
case-16-1,sealed,memory-assess-v1,compact,Pine west gateway allows 50 requests per second.,supported;assertion,True,0.02,True,0.8,established,unclear,73593307855a980b1ca98061b097e13ed56024055c742324a74f8a83a96a3a8c
case-16-2,sealed,memory-assess-v1,compact,Pine west gateway allows 200 requests per second.,assertion,False,0.07,True,0.77,denied,unclear,74c7a555787bcc08063b35fae4d17412ea4bc05adae0b9b0d0d257d7a4fe0766
case-16-3,sealed,memory-assess-v1,compact,Pine east gateway allows 200 requests per second.,supported,True,0.49,True,0.81,established,established,dee60996469cbebcf84ad7dcb53aaa24aa047469b34ca24ec15f7ed99eb71912
case-17-1,sealed,memory-assess-v1,compact,Quince requires certificate overlap until every client confirms the new chain.,supported,True,0.24,True,0.88,established,established,5489f12e20f818123f3fc6abf60fd932c35ecf28e42cf4ac23f2af1923970bc2
case-17-4,sealed,memory-assess-v1,compact,Quince must keep the old certificate active for the unconfirmed legacy client.,assertion,True,0.73,True,0.74,established,planned,c115c092849768801553d9fd4328f43a61f43f5f56f6aa1526224c1db359cf12
case-18-1,sealed,memory-assess-v1,compact,Reed consumers deduplicate webhook deliveries by event ID.,supported,True,0.08,True,0.81,established,established,44028f5f28e8624e9162bcdc85e29386a61622e7645480fa7fa6b85b067a17d8
case-18-2,sealed,memory-assess-v1,compact,Reed consumers deduplicate by delivery attempt ID.,assertion,False,0.06,True,0.77,denied,established,8b19851f732dcf7a1343032354a17466b278a954d0cea271ecbea8b9f3621bc2
case-18-3,sealed,memory-assess-v1,compact,The first Reed delivery of event 42 failed.,retention_durability,False,0.03,True,0.49,unclear,unclear,676d640baf958ba6504bae9346c771e86d64f92e078466420536caeed7d1789f
case-19-3,sealed,memory-assess-v1,compact,Spruce historically normalized stored filenames using NFC.,supported;assertion,True,0.02,True,0.74,established,unclear,dd260ccfe20d6cce4d4a0f1b175fa843a3f72c9d28717943d6bbffc0a0b4172f
case-15-1,sealed,memory-assess-v1,relevant,Olive stores event instants in UTC with the original IANA timezone separately.,supported,True,0.23,True,0.9,established,established,78a8a4f34c142384f806eb469c9f776ce7669d8655530c043686ac4dcd0a4b2d
case-15-4,sealed,memory-assess-v1,relevant,Olive has executed tomorrow’s clock-change test.,retention_durability;assertion,False,0.01,True,0.3,denied,planned,6940212ab253c0085a2cdbb4d2377a4d18ff795ec64b2a383a9dd26fc39b99d2
case-15-5,sealed,memory-assess-v1,relevant,Olive plans a clock-change test tomorrow.,retention_durability,True,0.79,True,0.46,planned,planned,f2f332db128cf3f796826c3d3da57780cae6d018ed6a38d829f0b36e0c65dad9
case-16-1,sealed,memory-assess-v1,relevant,Pine west gateway allows 50 requests per second.,supported,True,0.1,True,0.83,established,established,8dfe0c01f9a9d9b0cae1ba6af041656d39373eb3aaba3b58dda9ee1a0a2df6ae
case-16-4,sealed,memory-assess-v1,relevant,Pine treats matching gateway basenames as proof of shared configuration.,retention_durability,False,0.03,True,0.43,denied,denied,8caba7ed657dc4ff3de20a4ab8f82c7cd92a8ead82215716ae9e44c9e14d6450
case-17-4,sealed,memory-assess-v1,relevant,Quince must keep the old certificate active for the unconfirmed legacy client.,assertion,True,0.81,True,0.78,established,planned,6d9e911651c17b1bfc2f2639d41df9247dd3e28f6ab1b3733136bbe17b30fcdd
case-18-1,sealed,memory-assess-v1,relevant,Reed consumers deduplicate webhook deliveries by event ID.,supported,True,0.32,True,0.89,established,established,683078d93e16e2cfa080ed6e90c53f8e33d0f65154ed35005ea1b3674dd313f0
case-19-1,sealed,memory-assess-v1,relevant,Spruce preserves raw filenames and normalizes comparison keys.,supported,True,0.2,True,0.88,established,established,12ca4902ba703c4daa28afd414f4bb26b9e1358fc95caa6c06b8f21b2b34c9ed
case-19-3,sealed,memory-assess-v1,relevant,Spruce historically normalized stored filenames using NFC.,supported,True,0.1,True,0.79,established,established,bb60839a294380490509d943fe2953f035efb67160c272b1e9c6d2dfd521ef54
case-15-1,sealed,memory-assess-v1,target20k,Olive stores event instants in UTC with the original IANA timezone separately.,supported,True,0.18,True,0.9,established,established,78a8a4f34c142384f806eb469c9f776ce7669d8655530c043686ac4dcd0a4b2d
case-15-4,sealed,memory-assess-v1,target20k,Olive has executed tomorrow’s clock-change test.,retention_durability;assertion,False,0.01,True,0.27,denied,planned,6940212ab253c0085a2cdbb4d2377a4d18ff795ec64b2a383a9dd26fc39b99d2
case-15-5,sealed,memory-assess-v1,target20k,Olive plans a clock-change test tomorrow.,retention_durability,True,0.82,True,0.46,planned,planned,f2f332db128cf3f796826c3d3da57780cae6d018ed6a38d829f0b36e0c65dad9
case-16-1,sealed,memory-assess-v1,target20k,Pine west gateway allows 50 requests per second.,supported,True,0.11,True,0.83,established,established,8dfe0c01f9a9d9b0cae1ba6af041656d39373eb3aaba3b58dda9ee1a0a2df6ae
case-16-4,sealed,memory-assess-v1,target20k,Pine treats matching gateway basenames as proof of shared configuration.,retention_durability,False,0.03,True,0.41,denied,denied,8caba7ed657dc4ff3de20a4ab8f82c7cd92a8ead82215716ae9e44c9e14d6450
case-18-1,sealed,memory-assess-v1,target20k,Reed consumers deduplicate webhook deliveries by event ID.,supported,True,0.31,True,0.89,established,established,683078d93e16e2cfa080ed6e90c53f8e33d0f65154ed35005ea1b3674dd313f0
case-19-1,sealed,memory-assess-v1,target20k,Spruce preserves raw filenames and normalizes comparison keys.,supported;assertion,True,0.2,True,0.88,established,planned,12ca4902ba703c4daa28afd414f4bb26b9e1358fc95caa6c06b8f21b2b34c9ed
case-19-3,sealed,memory-assess-v1,target20k,Spruce historically normalized stored filenames using NFC.,supported,True,0.1,True,0.8,established,established,bb60839a294380490509d943fe2953f035efb67160c272b1e9c6d2dfd521ef54
case-15-1,sealed,memory-assess-v2,compact,Olive stores event instants in UTC with the original IANA timezone separately.,supported;assertion,True,0.15,True,0.8,established,unclear,3f90111468bf805f4142d63c5f120a18b02985b2f2a546c33b680cba950c2955
case-15-4,sealed,memory-assess-v2,compact,Olive has executed tomorrow’s clock-change test.,retention_durability,False,0.04,True,0.27,denied,denied,4ebf9fa6ce95acda8d85ed0ef103271ee9c444f67df84f0353d165ae97615452
case-15-5,sealed,memory-assess-v2,compact,Olive plans a clock-change test tomorrow.,retention_durability,True,0.57,True,0.47,planned,planned,f588d649225839cf7e52d3fa0da6e9ca3346344c81cfd36bc6d0e8003acfd1e5
case-16-1,sealed,memory-assess-v2,compact,Pine west gateway allows 50 requests per second.,supported,True,0.32,True,0.71,established,established,3b399b8067df6e7a9fb2a7490d1150acb29da384961cb744030931a78413d07c
case-16-4,sealed,memory-assess-v2,compact,Pine treats matching gateway basenames as proof of shared configuration.,retention_durability,False,0.03,True,0.41,denied,denied,6f1665f10e339bd376d6ace6a98dc1282e1299cb3d92a65b78b83ebd0fcc65b9
case-17-1,sealed,memory-assess-v2,compact,Quince requires certificate overlap until every client confirms the new chain.,supported,True,0.31,True,0.83,established,established,3708f2b299fa8154ae1202d9e6edf63e2f3a7d3c71eb5ad2b69f088eae692ac2
case-17-2,sealed,memory-assess-v2,compact,Quince completed certificate rotation.,retention_durability,False,0.03,True,0.48,denied,denied,8b3fd1c76ec74d45d7509de7adc5afd6762034f04f75e8cb20578c754a4af165
case-17-3,sealed,memory-assess-v2,compact,Quince has installed a new certificate.,retention_durability,True,0.84,True,0.44,established,established,1d255cb64266a31a610c0f1ee0ef99ba29aa4c0aa832b05e56815a32dead82ea
case-17-4,sealed,memory-assess-v2,compact,Quince must keep the old certificate active for the unconfirmed legacy client.,assertion,True,0.54,True,0.75,established,planned,435c64fc1a997218bab2f6c59ec50d8b2474198a1e6fcf7627d5eaa6a6868ab2
case-18-1,sealed,memory-assess-v2,compact,Reed consumers deduplicate webhook deliveries by event ID.,supported,True,0.25,True,0.78,established,established,ae6eb3c1ad717ab92216297e939dd67fa73435e7c9f4c8dc0a17ddca6da867c4
case-18-2,sealed,memory-assess-v2,compact,Reed consumers deduplicate by delivery attempt ID.,assertion,False,0.25,True,0.72,denied,unclear,86baa943a00d74fee60a801edf1cc5f59e662249414c78d083f892f60d21ad0d
case-18-3,sealed,memory-assess-v2,compact,The first Reed delivery of event 42 failed.,retention_durability;assertion,False,0.11,True,0.37,unclear,denied,2a23bec750caab9335804713619ddaa0b81e495a8385527b868b7028929f74f0
case-18-4,sealed,memory-assess-v2,compact,Reed redelivered event 42 after losing its acknowledgement.,retention_durability,True,0.77,True,0.43,established,established,8bc15084ca8fac89b3d9cfcceaa2f9b51adeccc77bc2bb4a0a43afc199cc00f8
case-18-5,sealed,memory-assess-v2,compact,The Reed consumer ignored the duplicate business action for event 42.,retention_durability,True,0.66,True,0.48,established,established,035f4dd00ccaa4444bd4b428ed7161825636f3dd979a7f7e0f6f85f4b476e05a
case-19-1,sealed,memory-assess-v2,compact,Spruce preserves raw filenames and normalizes comparison keys.,supported,True,0.44,True,0.77,established,established,6b2b5f128fd8e80cd29d5dd384dfa22c476b7a59816f21c0e56e02b624dba21e
case-19-3,sealed,memory-assess-v2,compact,Spruce historically normalized stored filenames using NFC.,supported;assertion,True,0.11,True,0.69,established,denied,33c5a9b68c5166a65c04d6a529acdf7c707348f9b32ad6445e41ea8823ff09d0
case-20-3,sealed,memory-assess-v2,compact,Thyme plans airplane-mode testing next week.,supported,True,0.35,True,0.62,planned,planned,47d9e5ffe31a6ccbbc726cfbf6da64473ec73388b39960ed08bdcd99388542c4
case-15-4,sealed,memory-assess-v2,relevant,Olive has executed tomorrow’s clock-change test.,retention_durability,False,0.03,True,0.26,denied,denied,e90a0c7d46e11ff592f96349e15a9988c6862d6ad6639f8aa4461c80d0cb430f
case-15-5,sealed,memory-assess-v2,relevant,Olive plans a clock-change test tomorrow.,supported;retention_durability,True,0.46,True,0.48,planned,planned,0c54ba4e83ed849d286ffa43f8e109ad604ff06621a97d389f571c7d941df615
case-16-4,sealed,memory-assess-v2,relevant,Pine treats matching gateway basenames as proof of shared configuration.,retention_durability,False,0.03,True,0.42,denied,denied,62b878254d8103a6bef29b2f3981ee4b2d6cfc876e20a5e76d83059411e4dfef
case-17-2,sealed,memory-assess-v2,relevant,Quince completed certificate rotation.,retention_durability,False,0.03,True,0.43,denied,denied,aa67113782f262901f0e223b4d0dc1403e5039e01a9bbb9771f86f8d23d57488
case-17-3,sealed,memory-assess-v2,relevant,Quince has installed a new certificate.,retention_durability,True,0.81,True,0.35,established,established,c1dc7f0f7bfd4c744b4955c489eb6466773e943d73fef0500780e34f52032af6
case-18-3,sealed,memory-assess-v2,relevant,The first Reed delivery of event 42 failed.,retention_durability;assertion,False,0.13,True,0.42,unclear,denied,5177013bcfd59b9c9955ff31b1ecd350c8401c207dedd8b920b63a958029b9c0
case-18-4,sealed,memory-assess-v2,relevant,Reed redelivered event 42 after losing its acknowledgement.,retention_durability,True,0.71,True,0.45,established,established,b17cb49345941a7db451811f479919062687ca2025451de7dabef6c7013fcbb9
case-19-3,sealed,memory-assess-v2,relevant,Spruce historically normalized stored filenames using NFC.,supported,True,0.46,True,0.71,established,established,772926ab30cd82ac3c152396d8b45fad09a191bcf6ddc92c3039b750db9a8b25
case-20-3,sealed,memory-assess-v2,relevant,Thyme plans airplane-mode testing next week.,supported,True,0.24,True,0.57,planned,planned,82b746e23363f733a90a17e4b7aa86c384242923392d269ed5cdef063b603edb
case-15-4,sealed,memory-assess-v2,target20k,Olive has executed tomorrow’s clock-change test.,retention_durability,False,0.04,True,0.26,denied,denied,e90a0c7d46e11ff592f96349e15a9988c6862d6ad6639f8aa4461c80d0cb430f
case-15-5,sealed,memory-assess-v2,target20k,Olive plans a clock-change test tomorrow.,retention_durability,True,0.64,True,0.49,planned,planned,0c54ba4e83ed849d286ffa43f8e109ad604ff06621a97d389f571c7d941df615
case-16-4,sealed,memory-assess-v2,target20k,Pine treats matching gateway basenames as proof of shared configuration.,retention_durability,False,0.03,True,0.38,denied,denied,62b878254d8103a6bef29b2f3981ee4b2d6cfc876e20a5e76d83059411e4dfef
case-17-2,sealed,memory-assess-v2,target20k,Quince completed certificate rotation.,retention_durability,False,0.03,True,0.37,denied,denied,aa67113782f262901f0e223b4d0dc1403e5039e01a9bbb9771f86f8d23d57488
case-17-3,sealed,memory-assess-v2,target20k,Quince has installed a new certificate.,retention_durability,True,0.81,True,0.4,established,established,c1dc7f0f7bfd4c744b4955c489eb6466773e943d73fef0500780e34f52032af6
case-17-4,sealed,memory-assess-v2,target20k,Quince must keep the old certificate active for the unconfirmed legacy client.,assertion,True,0.52,True,0.79,established,planned,28fab124b8bbda39d3dd6a203436095e3bf19db05f097c5d51218233159f28fc
case-18-3,sealed,memory-assess-v2,target20k,The first Reed delivery of event 42 failed.,retention_durability;assertion,False,0.11,True,0.4,unclear,denied,5177013bcfd59b9c9955ff31b1ecd350c8401c207dedd8b920b63a958029b9c0
case-19-3,sealed,memory-assess-v2,target20k,Spruce historically normalized stored filenames using NFC.,supported,True,0.4,True,0.71,established,established,772926ab30cd82ac3c152396d8b45fad09a191bcf6ddc92c3039b750db9a8b25
case-20-3,sealed,memory-assess-v2,target20k,Thyme plans airplane-mode testing next week.,supported,True,0.25,True,0.58,planned,planned,82b746e23363f733a90a17e4b7aa86c384242923392d269ed5cdef063b603edb
